title,price_sold,link
Shop on eBay,$20.00,https://ebay.com/itm/123456?hash=item28caef0a3a:g:E3kAAOSwlGJiMikD&amdata=enc%3AAQAHAAAAsJoWXGf0hxNZspTmhb8%2FTJCCurAWCHuXJ2Xi3S9cwXL6BX04zSEiVaDMCvsUbApftgXEAHGJU1ZGugZO%2FnW1U7Gb6vgoL%2BmXlqCbLkwoZfF3AUAK8YvJ5B4%2BnhFA7ID4dxpYs4jjExEnN5SR2g1mQe7QtLkmGt%2FZ%2FbH2W62cXPuKbf550ExbnBPO2QJyZTXYCuw5KVkMdFMDuoB4p3FwJKcSPzez5kyQyVjyiIq6PB2q%7Ctkp%3ABlBMULq7kqyXYA
Doona Baby Infant Carrier Car Seat Stroller Buggy in Storm Grey compact Birth+,102.00,https://www.ebay.co.uk/itm/403802248640?hash=item5e047d55c0%3Ag%3AtmgAAOSww9Vi4o3P&LH_Auction=1
Maclaren Quest Stroller buggy - New Wheels - Suitable From Birth,9.50,https://www.ebay.co.uk/itm/134176747322?hash=item1f3d8eaf3a%3Ag%3AuGoAAOSwJIpi1s2h&LH_Auction=1
Cosatto Supa Dupa Twin Stroller - Fika Forest,80.00,https://www.ebay.co.uk/itm/275394177120?epid=9044858238&hash=item401ec5a860%3Ag%3AicEAAOSwSZNix%7ExD&LH_Auction=1
Mountain Buggy Duet Double Pushchair V1. All Terrain Stroller. Only 63cm wide.,177.00,https://www.ebay.co.uk/itm/175350200532?hash=item28d3afb8d4%3Ag%3A7ygAAOSwC3Fizqhq&LH_Auction=1
Cosatto Supa Dupa Twin Stroller - Fika Forest,80.00,https://www.ebay.co.uk/itm/275392766720?epid=9044858238&hash=item401eb02300%3Ag%3AicEAAOSwSZNix%7ExD&LH_Auction=1
Mamas & Papas Airo Push chair / Stroller Grapefruit for sale,185.00,https://www.ebay.co.uk/itm/275381379206?hash=item401e026086%3Ag%3A6mIAAOSwrBpiyy0w&LH_Auction=1
"Silver Cross Reflex Umbrella Stroller, Black Rrp £325",60.00,https://www.ebay.co.uk/itm/334498527607?hash=item4de1aa7977%3Ag%3AzykAAOSwEb5iyaxM&LH_Auction=1
Maclaren techno xt stroller Blue,32.50,https://www.ebay.co.uk/itm/225068683773?hash=item34672391fd%3Ag%3AegwAAOSw2qFipgyp&LH_Auction=1
"SONARIN Lightweight Stroller,Compact Travel Buggy,One Hand...",60.00,https://www.ebay.co.uk/itm/354160522094?hash=item52759cb36e%3Ag%3AEJYAAOSwbd9iyH5Z&LH_Auction=1
"SONARIN Lightweight Stroller,Compact Travel Buggy,One Hand Foldable,Five-Point H",70.00,https://www.ebay.co.uk/itm/314064964952?hash=item491fbb0d58%3Ag%3A8gYAAOSwmZxitlvX&LH_Auction=1
"Phil and Teds phil&teds Vibe  buggy, stroller, pushchair",0.99,https://www.ebay.co.uk/itm/255625047383?hash=item3b8470ad57%3Ag%3AHIsAAOSwZ61itd8x&LH_Auction=1
Excellent condition Cosatto Double Pushchair/Stroller suitable from birth ,81.00,https://www.ebay.co.uk/itm/155063236237?hash=item241a7d368d%3Ag%3AR6cAAOSw7cZiwvau&LH_Auction=1
Bebecar Ip-Op Multi Buggy Stroller Car Seat Push Chair Ipop Ltd Edition Black ,25.00,https://www.ebay.co.uk/itm/234615613303?hash=item36a02e2777%3Ag%3AV7oAAOSwUohiplG9&LH_Auction=1
Cosatto Supa Dupa Twin Stroller - Fika Forest,120.00,https://www.ebay.co.uk/itm/275378279814?epid=9044858238&hash=item401dd31586%3Ag%3AicEAAOSwSZNix%7ExD&LH_Auction=1
IMMACULATE CHICCO ECHO PUSHCHAIR STROLLER BUGGY BLACK AND STONE HARDLY USED,52.00,https://www.ebay.co.uk/itm/165560708359?epid=2306337625&hash=item268c2fed07%3Ag%3AhnIAAOSwQz9iwqen&LH_Auction=1
Stokke Scoot V3 Pushchair/Melange/PramPack/Stroller Softbag/Rain & insect covers,42.00,https://www.ebay.co.uk/itm/284879739925?hash=item425427dc15%3Ag%3Ai9cAAOSwE0libvLd&LH_Auction=1
"SONARIN Lightweight Stroller,Compact Travel Buggy,One Hand Foldable,Five-Point H",72.00,https://www.ebay.co.uk/itm/314058791269?hash=item491f5cd965%3Ag%3A8gYAAOSwmZxitlvX&LH_Auction=1
JOIE Litetrax 4 Wheel Baby Stroller Navy Blue,35.00,https://www.ebay.co.uk/itm/134167607262?hash=item1f3d0337de%3Ag%3AvgcAAOSwi7BiyEqR&LH_Auction=1
Britax B Agile Double Buggy Pushchair Stroller,75.00,https://www.ebay.co.uk/itm/144633659712?hash=item21acd68140%3Ag%3AAssAAOSwZ9Rioagb&LH_Auction=1
Mountain Buggy Duet Double Pushchair V1. All Terrain Stroller. Only 63cm wide.,120.00,https://www.ebay.co.uk/itm/334487829152?hash=item4de1073aa0%3Ag%3AoAMAAOSwmaliu1Ht&LH_Auction=1
Chicco Goody Plus Stroller (Cool Grey) - Suitable From Birth To 4 Years    ,132.00,https://www.ebay.co.uk/itm/185481584148?epid=28050746338&hash=item2b2f905e14%3Ag%3Aft4AAOSwPGliuyyT&LH_Auction=1
Maclaren Quest Stroller,40.00,https://www.ebay.co.uk/itm/334489486792?hash=item4de12085c8%3Ag%3A4K4AAOSwhx9ifRhm&LH_Auction=1
Bugaboo Bee 3 grey Melange pushchair buggy pram stroller,176.00,https://www.ebay.co.uk/itm/165549566526?hash=item268b85ea3e%3Ag%3AVa4AAOSwtXNiuLHP&LH_Auction=1
"Joie Tourist Stroller, Flannel Grey",70.00,https://www.ebay.co.uk/itm/204008877764?hash=item2f7fe06ec4%3Ag%3AOfgAAOSwsrNiuKFn&LH_Auction=1
silver cross zest stroller,52.00,https://www.ebay.co.uk/itm/275364112723?hash=item401cfae953%3Ag%3AV6IAAOSwpY9iuGms&LH_Auction=1
Chicco Echo Stroller Baby Pushchair (Stone) Very Good Condition ,38.00,https://www.ebay.co.uk/itm/384969173548?epid=2306337625&hash=item59a1f36a2c%3Ag%3A9iUAAOSwbPZitipt&LH_Auction=1
"Phil and Teds phil&teds Vibe  buggy, stroller, pushchair",0.99,https://www.ebay.co.uk/itm/255598484368?hash=item3b82db5b90%3Ag%3AHIsAAOSwZ61itd8x&LH_Auction=1
joolz geo 2 buggy stroller,210.00,https://www.ebay.co.uk/itm/125380432535?hash=item1d31419297%3Ag%3AtkYAAOSw0%7EBilmsb&LH_Auction=1
Silver Cross Popstar Stroller Pink Daisies ,180.00,https://www.ebay.co.uk/itm/325241930635?hash=item4bb9ee038b%3Ag%3AYQYAAOSwR-9eR9PP&LH_Auction=1
Bebecar Ip-Op Multi Buggy Stroller Car Seat Push Chair Ipop Ltd Edition Black ,36.00,https://www.ebay.co.uk/itm/234595951132?hash=item369f02221c%3Ag%3AV7oAAOSwUohiplG9&LH_Auction=1
Britax B Agile Double Buggy Pushchair Stroller,75.00,https://www.ebay.co.uk/itm/144615997077?hash=item21abc8fe95%3Ag%3AAssAAOSwZ9Rioagb&LH_Auction=1
Cosatto Woosh 3 Pretty Flamingo Compact Stroller,137.00,https://www.ebay.co.uk/itm/325235299653?epid=15053019739&hash=item4bb988d545%3Ag%3A7f8AAOSwnzlirui4&LH_Auction=1
ickle bubba Lightweight Buggy Stroller - Black Gold,80.00,https://www.ebay.co.uk/itm/275350615175?epid=5023789657&hash=item401c2cf487%3Ag%3AmKAAAOSw6vNicsrI&LH_Auction=1
Maclaren Quest Stroller Football Theme,50.00,https://www.ebay.co.uk/itm/175319713194?hash=item28d1de85aa%3Ag%3AhKcAAOSw2INiqcLI&LH_Auction=1
Cosatto Woosh 3 Disco Rainbow Compact Stroller,186.00,https://www.ebay.co.uk/itm/334475130598?hash=item4de04576e6%3Ag%3A5QEAAOSwGTpiozvg&LH_Auction=1
Used but good condition ZETA Vooom Complete Stroller - Purple,20.00,https://www.ebay.co.uk/itm/185459864098?hash=item2b2e44f222%3Ag%3AU2YAAOSwbl5ilgtS&LH_Auction=1
Maclaren Lightweight Quest Stroller with rain cover,21.60,https://www.ebay.co.uk/itm/363870687771?hash=item54b862121b%3Ag%3A9LYAAOSw-8Fipfhs&LH_Auction=1
My Babiie Billie Faiers Grey Chevron Double Stroller,95.00,https://www.ebay.co.uk/itm/265738138903?hash=item3ddf3a3517%3Ag%3AFVAAAOSw0nJiZpMX&LH_Auction=1
Complete babyzen yoyo stroller 0+ months and 6+ months pack includes car seat,560.00,https://www.ebay.co.uk/itm/185466797585?hash=item2b2eaebe11%3Ag%3APrEAAOSwIchiqxCW&LH_Auction=1
My Babiie Billie Faiers Grey Stars Lightweight Stroller,78.00,https://www.ebay.co.uk/itm/185459762955?hash=item2b2e43670b%3Ag%3A3XEAAOSw4-1ioyGp&LH_Auction=1
Cosatto Supa Dupa CT4579 Twin Stroller - Fika Forest. Used Only Once.,150.00,https://www.ebay.co.uk/itm/304527042619?epid=9044858238&hash=item46e739e83b%3Ag%3AOtoAAOSwOL5in5wL&LH_Auction=1
"Cosatto ChaCha Stroller Treet + matching footmuff, insert, cup holder, bag, NEW",120.00,https://www.ebay.co.uk/itm/284851744125?hash=item42527cad7d%3Ag%3A%7Ey8AAOSw1exiPidX&LH_Auction=1
Chicco Echo Twin Stroller Double Baby Pushchair (Coal Grey)with Raincover,50.00,https://www.ebay.co.uk/itm/384930555285?hash=item599fa62595%3Ag%3Al7AAAOSweUFimz-D&LH_Auction=1
Babyzen Yoyo 2 Black Stroller Pram Buggy & 6m + Newborn pack Umbrella Raincover,460.00,https://www.ebay.co.uk/itm/125348253773?hash=item1d2f56904d%3Ag%3AxrsAAOSwoXFiMHzS&LH_Auction=1
Silver Cross Popstar Stroller Pink Daisies ,180.00,https://www.ebay.co.uk/itm/325215484958?hash=item4bb85a7c1e%3Ag%3AYQYAAOSwR-9eR9PP&LH_Auction=1
Chicco Echo Twin Stroller Double Baby Pushchair (Coal Grey),51.28,https://www.ebay.co.uk/itm/165519903070?hash=item2689c1495e%3Ag%3AFNQAAOSwBeBinffZ&LH_Auction=1
My Babiie Billie Faiers Double Stroller Buggy (will Post If Buyer Sorts Courier),52.00,https://www.ebay.co.uk/itm/195102736100?hash=item2d6d077ee4%3Ag%3A-7gAAOSwf6VikSK-&LH_Auction=1
My Babiie Billie Faiers Double Stroller Buggy (will Post If Buyer Sorts Courier),32.00,https://www.ebay.co.uk/itm/195088252860?hash=item2d6c2a7fbc%3Ag%3A-7gAAOSwf6VikSK-&LH_Auction=1
My Babiie Billie Faiers Grey Chevron Double Stroller,100.00,https://www.ebay.co.uk/itm/265704853748?hash=item3ddd3e50f4%3Ag%3AFVAAAOSw0nJiZpMX&LH_Auction=1
Babyzen Yoyo2 Black Grey Stroller Pram Buggy 6m+ Newborn Umbrella Raincover New,585.00,https://www.ebay.co.uk/itm/125328739708?hash=item1d2e2ccd7c%3Ag%3A-wkAAOSwpWpieoD6&LH_Auction=1
"Uppababy Cruz Stroller Inc Bassinet, Seat and Accessories",78.00,https://www.ebay.co.uk/itm/115393767548?hash=item1ade01287c%3Ag%3AucUAAOSw%7EVpih0Yn&LH_Auction=1
Maclaren Techno XT Single Seat Stroller (Black) - w/ accessories & travel bag,64.00,https://www.ebay.co.uk/itm/224997860101?hash=item3462eae305%3Ag%3AuEkAAOSwdpZiimp8&LH_Auction=1
Ickle Bubba Discovery Max Stroller - Cream/Rose Gold,64.00,https://www.ebay.co.uk/itm/295003915979?hash=item44af9a86cb%3Ag%3AInAAAOSw39dij2zU&LH_Auction=1
Graco EVO Mini Lightweight Stroller / Pushchair In Harlequin - RRP-£200,64.00,https://www.ebay.co.uk/itm/125328026934?hash=item1d2e21ed36%3Ag%3A-ggAAOSwH8did5sn&LH_Auction=1
Hauck Rapid 4R PLUS Stroller  Suitable From Birth,3.20,https://www.ebay.co.uk/itm/314001627902?hash=item491bf49afe%3Ag%3AjekAAOSwRnFihO9W&LH_Auction=1
My Babiie Joie Litetrax 4 Buggy Gray Flannel Baby Stroller,70.00,https://www.ebay.co.uk/itm/294992142593?hash=item44aee6e101%3Ag%3AiugAAOSwR9FihkS0&LH_Auction=1
JOIE Litetrax 4 Wheel Baby Stroller navy blue,51.00,https://www.ebay.co.uk/itm/325191886029?hash=item4bb6f264cd%3Ag%3A6OUAAOSwP0RiV1zJ&LH_Auction=1
pram buggy stroller pushchair With Rain cover And Footmuff Cosy Toes,40.99,https://www.ebay.co.uk/itm/265691951684?hash=item3ddc797244%3Ag%3AMjwAAOSw49Fif8xt&LH_Auction=1
Chicco Activa Push Chair / Stroller with Removable Car Seat,40.00,https://www.ebay.co.uk/itm/175288510309?hash=item28d0026765%3Ag%3ALRkAAOSw7F9iUAdF&LH_Auction=1
Bugaboo Cameleon pushchair. Carrycot and stroller. Teal colour hood. Used,55.00,https://www.ebay.co.uk/itm/234550744620?hash=item369c50562c%3Ag%3ARpUAAOSwiG5ifkNQ&LH_Auction=1
